feature,coefficient,odds_ratio
numeric__late_delivery,0.708053281530119,2.0300355019175753
numeric__log_order_value,0.30457473317433864,1.3560481980542813
categorical__seller_id_001cca7ae9ae17fb1caed9dfb1094831,0.07409454613541125,1.0769086182311887
categorical__seller_id_002100f778ceb8431b7a1020ff7ab48f,-0.09885804754208859,0.905871289553204
categorical__seller_id_004c9cd9d87a3c30c522c48c4fc07416,-0.412377919566331,0.6620740180406243
categorical__seller_id_00ee68308b45bc5e2660cd833c3f81cc,-0.3011194645781278,0.7399893649487099
categorical__seller_id_00fc707aaaad2d31347cf883cd2dfe10,0.48685167333160395,1.6271852365130162
categorical__seller_id_0176f73cc1195f367f7b32db1e5b3aa8,-0.3610879186963711,0.6969177236755688
categorical__seller_id_01cf7e3d21494c41fb86034f2e714fa1,0.162637636571182,1.1766102519051418
categorical__seller_id_01fd077212124329bac32490e8ef80d9,0.35228022454387586,1.4223070332195336
categorical__seller_id_01fdefa7697d26ad920e9e0346d4bd1b,-0.646844601355227,0.5236956409181686
categorical__seller_id_0241d4d5d36f10f80c644447315af0bd,-0.2753330125071528,0.7593192183204354
categorical__seller_id_02f5837340d7eb4f653d676c7256523a,-0.7855207145701144,0.4558822554374549
categorical__seller_id_02f623a8eb246f3c5f7c2f96462654e6,-1.2112118029761412,0.2978361419371345
categorical__seller_id_04308b1ee57b6625f47df1d56f00eedf,0.2142278736637491,1.2389049364368574
categorical__seller_id_0432ead42b6c8a0bdf68154add917fdf,-0.046109474593955244,0.9549374150824241
categorical__seller_id_048c2757535328e0d7dac690ad3c0aae,-0.4875467168753647,0.6141311852635275
categorical__seller_id_0509040ea3fe50071181bbc359eb7738,-2.3105080688586086,0.09921083281804251
categorical__seller_id_056b4ada5bbc2c50cc7842547dda6b51,-0.34118345703303427,0.7109284714139369
categorical__seller_id_058fd0aa2bfdb2274e05e1ae971dabb6,0.16827290176930138,1.1832594801956595
categorical__seller_id_05d2173d43ea568aa0540eba70d2ca76,0.41921393074989116,1.520765658530457
categorical__seller_id_05f51e13da97139648b8125c31e5f51b,-0.7719778383111426,0.46209820834693827
categorical__seller_id_05ff92fedb5be47920fea08e501238b9,-0.5355987785005176,0.5853187089361616
categorical__seller_id_062ce95fa2ad4dfaedfc79260130565f,-0.5921246810413372,0.5531507663676635
categorical__seller_id_06579cb253ecd5a3a12a9e6eb6bf8f47,0.1042822265203173,1.109913657785915
categorical__seller_id_066a6914e1ebf3ea95a216c73a986b91,0.23118518935929994,1.2600925735794253
categorical__seller_id_0691148aee60ca47977c187804f935ae,0.766178346780483,2.151528127784616
categorical__seller_id_06a2c3af7b3aee5d69171b0e14f0ee87,-0.0031927349527563703,0.996812356405589
categorical__seller_id_06df0c10d34e459d9672bc77388742eb,-0.5975831999598549,0.5501396081532519
categorical__seller_id_06e5eefc71ec47ae763c5c6f8db7064f,0.3042635321159921,1.3556262600770557
categorical__seller_id_070d165398b553f3b4b851c216b8a358,1.3464726692098439,3.843843083826141
categorical__seller_id_080102cd0a76b09e0dcf55fcacc60e05,-0.8816375886744763,0.4141042237405578
categorical__seller_id_080199a181c46c657dc5aa235411be3b,-2.494034996410361,0.08257609918749403
categorical__seller_id_08633c14ef2db992c11f840f04fad4cd,-0.49037056156864917,0.6123994204432612
categorical__seller_id_0885aaf116795758dfeb5f1032487bcd,-0.026149680863063893,0.9741892612057561
categorical__seller_id_09f952a5f58d2285b0372551ae8f9b01,-0.2359100073426721,0.789851751592542
categorical__seller_id_0adac9fbd9a2b63cccaac4f8756c1ca8,0.3300640331609066,1.3910571994014826
categorical__seller_id_0b35c634521043bf4b47e21547b99ab5,1.4519532515730074,4.27144958789845
categorical__seller_id_0b90b6df587eb83608a64ea8b390cf07,0.4660692060438791,1.5937172904007675
categorical__seller_id_0bae85eb84b9fb3bd773911e89288d54,-0.2256449572696373,0.7980013759628136
categorical__seller_id_0bb738e4d789e63e2267697c42d35a2d,-1.3683848616559575,0.25451770906601384
categorical__seller_id_0be8ff43f22e456b4e0371b2245e4d01,0.9711356858820047,2.640942037465539
categorical__seller_id_0bf0150d5b9d60d9cd2906003332f085,0.2139215237268408,1.2385254561175985
categorical__seller_id_0c7533c71df861ec58ad7ff999ed0e8d,0.8826859015400288,2.4173838496385764
categorical__seller_id_0c8380b62e38e8a1e6adbeba7eb9688c,-0.1940088192504723,0.8236506402552473
categorical__seller_id_0cbcee27c791afa0cdcb08587a2013a8,0.5558531198836674,1.7434277033487788
categorical__seller_id_0d85bbda9889ce1f7e63778d24f346eb,-0.21175793229566692,0.8091605454969995
categorical__seller_id_0db783cfcd3b73998abc6e10e59a102f,0.27936983470503574,1.3222962845067083
categorical__seller_id_0dd184061fb0eaa7ca37932c68ab91c5,-0.04366165008841875,0.957277797542485
categorical__seller_id_0df3984f9dfb3d49ac6366acbd3bbb85,0.2881280316759197,1.3339280782383163
categorical__seller_id_0ea22c1cfbdc755f86b9b54b39c16043,-0.18568405976966684,0.8305359532553551
categorical__seller_id_0ebd97a106433a45a4aebe57c1799778,0.01439524132095215,1.0144993517724665
categorical__seller_id_0ed6ce5d87fd9c69eaacaeb778d67235,-0.5704035803513366,0.5652972497936736
categorical__seller_id_0ef83d7d83ed97cd2a0049ac8be5f88a,0.9171887432413603,2.5022460367503414
categorical__seller_id_0ffa40d54288e4f3499b8780dd0f144f,0.3821121965084625,1.4653764860355
categorical__seller_id_1025f0e2d44d7041d6cf58b6550e0bfa,0.07735364823141687,1.0804240989095846
categorical__seller_id_1127b7f2594683f2510f1c2c834a486b,0.9001132836162535,2.4598817596747877
categorical__seller_id_11305281b50fff20ae8bb473f8e11876,-0.6458578113147183,0.5242126736202898
categorical__seller_id_113e3a788b935f48aad63e1c41dac1bd,0.10984882111511717,1.1161093255406158
categorical__seller_id_116ccb1a1604bc88e4d234a8c23f33de,-0.8654601972466461,0.4208578304407333
categorical__seller_id_11bfa66332777660bd0640ee84d47006,0.9002259748380852,2.460158982375836
categorical__seller_id_128639473a139ac0f3e5f5ade55873a5,0.39796878496708854,1.488797556317225
categorical__seller_id_12b9676b00f60f3b700e83af21824c0e,-1.2166228390853304,0.29622889218331355
categorical__seller_id_1336efc61c316ddf92c899eb817f7cae,-0.34786949934264016,0.7061910285947337
categorical__seller_id_138dbe45fc62f1e244378131a6801526,1.062084402168546,2.8923936218308435
categorical__seller_id_13d058e4eeac2ce8217660b2f8a05812,-0.2789597513602432,0.7565703535298612
categorical__seller_id_1464afc72f696af775557a821c2e253f,0.6237993143489489,1.8660041274543695
categorical__seller_id_14a08204d03bb6b6bde8029f801ae0eb,0.9822464058379561,2.6704484198981713
categorical__seller_id_14d7985702e72162bbf13b6beb74ab2b,-0.3917125485341492,0.6758983740174969
categorical__seller_id_1554a68530182680ad5c8b042c3ab563,-0.2726302060860907,0.7613742871549176
categorical__seller_id_15aac934c58d886785ac1b17953ea898,-0.7079732552884376,0.4926416451826528
categorical__seller_id_16090f2ca825584b5a147ab24aa30c86,0.3923035269048577,1.4803869804943919
categorical__seller_id_165fc07beebdcb6190fba8a06db2a449,0.43046405139949045,1.5379710555984298
categorical__seller_id_17306570e772e7718c92a562d33f5f1d,0.1340128856793845,1.1434075531328567
categorical__seller_id_1771297ac436903d1dd6b0e9279aa505,-1.6237304772271857,0.1971618178073684
categorical__seller_id_17a053fcb14bd219540cbde0df490be0,0.10253995068576352,1.1079815656489764
categorical__seller_id_17ca9b9e9b9ef8fdb529001b49ebb50f,0.6065992905870107,1.8341832564795644
categorical__seller_id_17e34d8224d27a541263c4c64b11a56b,-0.23934096912074548,0.7871464439797855
categorical__seller_id_17f51e7198701186712e53a39c564617,-0.7382921369061461,0.477929456987272
categorical__seller_id_1835b56ce799e6a4dc4eddc053f04066,0.7054849213511682,2.0248283293823004
categorical__seller_id_1838dd9b8977065acf51d95e0053ea7a,0.5459653438721868,1.7262740263405318
categorical__seller_id_18a349e75d307f4b4cc646a691ed4216,1.3868197816703292,4.002102234431978
categorical__seller_id_18e694e0e48ed6f7aa3f24aade5fd697,-1.3919542467925528,0.24858902532613586
categorical__seller_id_1900267e848ceeba8fa32d80c1a5f5a8,0.3261656661641075,1.3856449043352461
categorical__seller_id_198c7ea11960a9844b544d9bcdca860c,0.8198514486948372,2.2701625768690445
categorical__seller_id_1a3df491d1c4f1589fc2b934ada68bf2,-0.5124636793942875,0.5990179711515469
categorical__seller_id_1b4c3a6f53068f0b6944d2d005c9fc89,-0.5077386214690401,0.601855063197181
categorical__seller_id_1b8356dabde1d35e17cef975c3f82730,0.2529336573399086,1.2877978380663069
categorical__seller_id_1b938a7ec6ac5061a66a3766e0e75f90,0.132284135329342,1.1414325945221915
categorical__seller_id_1bb2bdb95f4841f1bba2c0d2cd83d3c9,-0.6170030106755217,0.5395590696402656
categorical__seller_id_1c129092bf23f28a5930387c980c0dfc,-0.41752297859152476,0.6586763562192021
categorical__seller_id_1c68394e931a64f90ea236c5ea590300,0.34560437967727264,1.4128435556137446
categorical__seller_id_1ca7077d890b907f89be8c954a02686a,2.270876649753699,9.687889978880902
categorical__seller_id_1caf283236cd69af44cbc09a0a1e7d32,-0.0056876993013134,0.9943284450378069
categorical__seller_id_1ce3ae5a399804d1a87e706f8a813c3e,0.7450566449189939,2.106560757564654
categorical__seller_id_1d4587203296c8f4ad134dc286fa6db0,-0.5593457612423992,0.5715828932305786
categorical__seller_id_1d8dbc4f32378d715c717c1c1fc57bae,-0.020128885533230743,0.980072348019
categorical__seller_id_1da366cade6d8276e7d8beea7af5d4bf,0.6104977068890081,1.8413476221539866
categorical__seller_id_1da3aeb70d7989d1e6d9b0e887f97c23,0.6947514350163547,2.0032110839219857
categorical__seller_id_1dc2de47ee26a0a5b12dc14fd6dc0dea,-0.7273980178921832,0.48316454141267884
categorical__seller_id_1e8b33f18b4f7598d87f5cbee2282cc2,-0.5164602313514307,0.5966287422254954
categorical__seller_id_1eade46fba20122dc4aefb379f8c636b,-0.6187871958960363,0.5385972546058502
categorical__seller_id_1f1bb1f0859883505541bdd6606193e5,-1.8106746213598972,0.1635437694586511
categorical__seller_id_1f50f920176fa81dab994f9023523100,0.2760560032932753,1.3179216699143916
categorical__seller_id_1f9ab4708f3056ede07124aad39a2554,-0.27460355757582405,0.7598733095364073
categorical__seller_id_2089a6d640999f9b9141ac719b2af596,0.7679555323938483,2.155355192314798
categorical__seller_id_20cb7c2fde3e5bf10f0bbe7394e1c6a9,0.46785953901191474,1.5965731306972006
categorical__seller_id_20d83f3ef0e6925fd74bfd59170babf7,-0.37440005821919625,0.6877017360576196
categorical__seller_id_2138ccb85b11a4ec1e37afbd1c8eda1f,0.6744235077945643,1.962901052571839
categorical__seller_id_213b25e6f54661939f11710a6fddb871,0.15242436303427265,1.1646543678405608
categorical__seller_id_218d46b86c1881d022bce9c68a7d4b15,0.0002396347289603642,1.0002396634436557
categorical__seller_id_229c3efbfb0ea2058de4ccdfbc3d784a,1.1552271931735596,3.1747446159033523
categorical__seller_id_232a6014e7b10cba61c6c2b2ea6bb4b0,0.17635295392963793,1.1928590086329252
categorical__seller_id_23613d49c3ac2bd302259e55c06c050c,0.3799970064261757,1.462280211983906
categorical__seller_id_238fac594e170b59c6d228f5a4f4f1d9,0.17945353152628418,1.1965633003053102
categorical__seller_id_23c38debaffe4a25a30fdbd9b586a13f,-1.6037483124436671,0.20114116330100634
categorical__seller_id_23d7c96d4a1160db1c726b248601b25a,0.6735112622984588,1.9611112214341502
categorical__seller_id_240b9776d844d37535668549a396af32,-0.012605873784649894,0.9874732474293189
categorical__seller_id_244c2f1bff6afe1f2eaf9bfe9b2aed38,0.6192688126277401,1.8575693139390836
categorical__seller_id_2528513dd95219a6013d4d05176e391a,-0.05771694008554698,0.9439170947177531
categorical__seller_id_259f7b5e6e482c230e5bfaa670b6bb8f,-0.37153328560178783,0.689676049164732
categorical__seller_id_25c5c91f63607446a97b143d2d535d31,0.5000923832447871,1.6488735919567226
categorical__seller_id_25cf099de44674fde97473224f9d59ab,0.4095424755483004,1.506128536817906
categorical__seller_id_25e6ffe976bd75618accfe16cefcbd0d,-0.16564228744974546,0.8473492874577623
categorical__seller_id_26d8a1c7c75d513045798992ead43aa2,-0.30249536707419444,0.7389719118530537
categorical__seller_id_271c58a1d139c45eaf3316107c6d3a3b,0.20557109785701103,1.2282263021156639
categorical__seller_id_2745f798279e0ed033addcc1474776d7,-0.49510706152028855,0.6095056492016282
categorical__seller_id_276677b5d08786d5dce7c2149dcce48b,1.052259941462858,2.864116545303046
categorical__seller_id_282f23a9769b2690c5dda22e316f9941,-1.292164175845314,0.2746756928822618
categorical__seller_id_289cdb325fb7e7f891c38608bf9e0962,-0.6067292373779164,0.5451309503124083
categorical__seller_id_28f10b1c5e5abb9d4857745bede6147c,0.6423375186454532,1.9009191239399879
categorical__seller_id_2a1348e9addc1af5aaa619b1a3679d6b,1.1275049176779524,3.08794221021238
categorical__seller_id_2a261b5b644fa05f4f2700eb93544f2c,0.15756835444403386,1.1706607751133344
categorical__seller_id_2a5b78b41cd05baeac8df54c6606b92c,-0.8666953157726148,0.4203383420184849
categorical__seller_id_2a6fbeaa7ab9e5d59a35841a8da71ce4,0.9877775914857002,2.685260091160752
categorical__seller_id_2a7dc43cecabf23403078e2188437d1d,-0.11431037519807842,0.8919810641150057
categorical__seller_id_2a84855fd20af891be03bc5924d2b453,-0.1412524450694167,0.8682700935245263
categorical__seller_id_2b3e4a2a3ea8e01938cabda2a3e5cc79,-0.2575965694474385,0.7729069835091152
categorical__seller_id_2bf6a2c1e71bbd29a4ad64e6d3c3629f,-0.7092088486002859,0.49203331636163267
categorical__seller_id_2c9e548be18521d1c43cde1c582c6de8,0.2657201856879451,1.3043700262171039
categorical__seller_id_2d50d6282f8aa2257819a77bfaa0efe0,0.04481220456147228,1.045831439092097
categorical__seller_id_2dee2ce60de9709b1a24083217181a1f,-0.7683344199208493,0.46378489624637936
categorical__seller_id_2e1c9f22be269ef4643f826c9e650a52,-0.05388117332156129,0.9475446934010913
categorical__seller_id_2e90cb1677d35cfe24eef47d441b7c87,-0.007300139710706493,0.9927264415874646
categorical__seller_id_2eb70248d66e0e3ef83659f71b244378,2.0698441452935263,7.923588093113309
categorical__seller_id_2ff97219cb8622eaf3cd89b7d9c09824,-1.3615019859400501,0.2562755654387674
categorical__seller_id_3078096983cf766a32a06257648502d1,-0.139943107023546,0.8694076971834231
categorical__seller_id_30a2f535bb48308f991d0b9ad4a8c4bb,-0.4613776100210579,0.6304145815837735
categorical__seller_id_31344c16881c08a8a72c6d2eb29918c1,-0.6279222958306162,0.5336995195696788
categorical__seller_id_31561f325664a8a7aba4c8d0c3a9b3db,-0.7460885521337652,0.4742178080699061
categorical__seller_id_318f287a62ab7ac10b703ac37435a231,1.2199019146355932,3.3868555163712593
categorical__seller_id_31da954dc0855f2495c6310f70a2f931,-0.37081682454329434,0.6901703522502456
categorical__seller_id_323ce52b5b81df2cd804b017b7f09aa7,-0.28152128800172266,0.7546348508362839
categorical__seller_id_325f3178fb58e2a9778334621eecdbf9,-0.1755689895670549,0.8389795143433686
categorical__seller_id_32b8764b4ef628b53608fc34011fcc13,-0.35871921933346346,0.6985704688991575
categorical__seller_id_3340ef1913fb70d28420f6ceb685c339,-0.6949321491878795,0.499108311740569
categorical__seller_id_33576ec5412fb5905d876f12f33bfde6,0.2833486377499997,1.3275679214378353
categorical__seller_id_3361277dc30b7cccdb0c286b24219756,0.14922014147197318,1.160928529595896
categorical__seller_id_33a17d60c64393351ebf1ef860f4e0f2,-1.4667737460373143,0.23066848109671012
categorical__seller_id_33a6f4b1e7cdc205511e76ba1b6e0186,-0.43377447294534743,0.6480583937064454
categorical__seller_id_33ac3e28642ab8bda860a2f693000e78,0.020324414232061227,1.0205323615521722
categorical__seller_id_34056b8b55c1775a22af2331670a799c,0.062179381715587526,1.0641532172377588
categorical__seller_id_34d1ca11b242c0fee2c834ae8d788566,-0.5970050851541353,0.5504577439565865
categorical__seller_id_3504c0cb71d7fa48d967e0e4c94d59d9,-0.6560006869473382,0.5189225236863716
categorical__seller_id_3586b8580d9c917874e053a1bb37b5ff,-0.1662179783469762,0.846861616573511
categorical__seller_id_36a968b544695394e4e9d7572688598f,1.0814202114615346,2.948864589831069
categorical__seller_id_37515688008a7a40ac93e3b2e4ab203f,0.22983864413041022,1.2583969438138054
categorical__seller_id_376a891762bbdecbc02b4b6adec3fdda,-0.9581767288504442,0.38359164034324716
categorical__seller_id_3771c85bac139d2344864ede5d9341e3,0.8024753370102404,2.2310567162209183
categorical__seller_id_37be5a7c751166fbc5f8ccba4119e043,-0.5328003601148902,0.5869589695700312
categorical__seller_id_381c83fdca332ea6afd896da20bf6e4a,-0.10989684070520647,0.8959265536810032
categorical__seller_id_382229d1e840115ffe3dbf5ff460e417,0.3475477591187857,1.4155919164227624
categorical__seller_id_38e679b9e0064cd94c6f035707344dae,0.11408887829529377,1.1208517398491982
categorical__seller_id_391fc6631aebcf3004804e51b40bcf1e,0.12536974684339128,1.1335675085978971
categorical__seller_id_3ab971ce71839580d2ae5b4e40fe8044,0.2625366180948735,1.300224079025459
categorical__seller_id_3ade81dab5a172b88e1871c28ae05260,-0.36367846371173534,0.6951146634031325
categorical__seller_id_3b15288545f8928d3e65a8f949a28291,-0.2528456118156489,0.7765877685445279
categorical__seller_id_3bb548e3cb7f70f28e3f11ee9dce0e59,0.05897874486698251,1.0607526940609326
categorical__seller_id_3bdff180c7e1f6551a643b99c265a120,0.4112643164991893,1.5087240845288112
categorical__seller_id_3be634553519fb6536a03e1358e9fdc7,0.5467221463340474,1.7275809692599426
categorical__seller_id_3c03b12bab54d8b37d79d914bfdb1aa0,0.15661443695752278,1.169544593786264
categorical__seller_id_3c487ae8f8d7542beff5788e2e0aea83,-0.7684280655777568,0.46374146683862605
categorical__seller_id_3c4e0452bff7a2a788179488d3d77032,0.9222146199425295,2.514853672479903
categorical__seller_id_3c7c4a49ec3c6550809089c6a2ca9370,1.8944499945272029,6.648890472635797
categorical__seller_id_3d871de0142ce09b7081e2b9d1733cb1,0.21007027568103695,1.2337647605690236
categorical__seller_id_3d8fa2f5b647373c8620330c4e077a9f,0.015253956714586524,1.0153708921316713
categorical__seller_id_3db66a856d18a9cba7c9241fc5221c50,-0.10299194561837093,0.9021342395857007
categorical__seller_id_3df020b72d3d44b3af9d110fa3940b65,-0.03784213435514381,0.962864932187211
categorical__seller_id_3f3486b61f45078d4f31ee5e43d8c5bb,-0.4731588323436345,0.6230311058277209
categorical__seller_id_3f995f07c49d0d55a99d5c54957f7d81,-0.3627613665621238,0.6957524434880403
categorical__seller_id_3fd1e727ba94cfe122d165e176ce7967,0.10166358535280305,1.1070109943649136
categorical__seller_id_406822777a0b9eb5c50e442dd4cd3ec5,-0.26082155027718057,0.7704183882969369
categorical__seller_id_40d54b51e962dbe09cabbcfd33298dee,0.630924317838861,1.8793468905453168
categorical__seller_id_41b39e28db005d9731d9d485a83b4c38,0.024646622893727512,1.0249528616448875
categorical__seller_id_42b729f859728f5079499127a9c2ef37,-0.7358560279255348,0.4790951645483633
categorical__seller_id_42bde9fef835393bb8a8849cb6b7f245,-0.743885436090179,0.4752637166369457
categorical__seller_id_42ef3192a9ff87a22d1867b74b3ee205,-0.1283943907684046,0.8795064415133561
categorical__seller_id_431af27f296bc6519d890aa5a05fdb11,0.7941024603053985,2.2124543397932204
categorical__seller_id_432c37c9dfba871172ec162e20118b8c,-0.2881874582382362,0.7496210564245727
categorical__seller_id_4371b634e0efc0e22b09b52907d9d469,-1.1454977672648716,0.3180655557582314
categorical__seller_id_43f8c9950d11ecd03a0304a49e010da6,-1.402857881939158,0.2458932250124759
categorical__seller_id_44073f8b7e41514de3b7815dd0237f4f,1.085485108947191,2.9608758177540593
categorical__seller_id_440dd6ab244315c632130ecfb63827b1,-0.3190245000786659,0.726857741016353
categorical__seller_id_4559697a8f7e637227c2eeaed843baff,0.1361212440276754,1.1458208091032438
categorical__seller_id_45ba18c210d42734ec52c0c1c574e9ee,0.6109022641034889,1.8420927033227152
categorical__seller_id_45d33f715e24d15a6ccf5c17b3a23e3c,-0.6680873923390992,0.5126882120619449
categorical__seller_id_46dc3b2cc0980fb8ec44634e21d2718e,-0.18620426708718033,0.8301040147335443
categorical__seller_id_48162d548f5b1b11b9d29d1e01f75a61,0.4128852441467621,1.5111716001970052
categorical__seller_id_4830e40640734fc1c52cd21127c341d4,0.2049750308181126,1.2274944150492124
categorical__seller_id_48436dade18ac8b2bce089ec2a041202,0.43343416098673676,1.5425457885416374
categorical__seller_id_4869f7a5dfa277a7dca6462dcf3b52b2,-0.3850319605335756,0.680428888986711
categorical__seller_id_48efc9d94a9834137efd9ea76b065a38,-1.198098130295421,0.3017675891305823
categorical__seller_id_4917cee8d902e13428c3ec4b1ca6f315,0.051520125556232095,1.0528703756808593
categorical__seller_id_4992e76a42cb3aad7a7047e0d3d7e729,1.0162705094937532,2.7628714227872715
categorical__seller_id_4a3ca9315b744ce9f8e9374361493884,0.2546719090826309,1.2900383015832724
categorical__seller_id_4a3ccda38b2129705f3fb522db62ca31,0.3271081082641197,1.3869514099850202
categorical__seller_id_4b5f66b7adcf57f1ecc0d3c07dd6b177,-0.08715227077262626,0.9165375231302275
categorical__seller_id_4b9750c8ad28220fe6702d4ecb7c898f,-0.08643436988762933,0.9171957424690691
categorical__seller_id_4bf2f4ee540798a61f9636d12cd9cc80,-0.09975892431560905,0.905055578631326
categorical__seller_id_4c03b9dd4c11ee2cb35c96c49efc9420,0.48037058120489423,1.6166733999738614
categorical__seller_id_4c18691b6037662be2df78a765d98ab5,1.0433736392405009,2.8387778902961545
categorical__seller_id_4c2b230173bb36f9b240f2b8ac11786e,0.8049344935813556,2.236549985641584
categorical__seller_id_4c498c7345e89aebad651544829beca0,-0.36846699623478707,0.6917940410294586
categorical__seller_id_4d6d651bd7684af3fffabd5f08d12e5a,0.3289244042937369,1.3894728134386276
categorical__seller_id_4da0e408c99d2fdc2126dc9fce518060,0.09550203112248636,1.100211056695083
categorical__seller_id_4e06067cc08b3f41d837768d392c3ee3,0.2411746605224027,1.2727433139081075
categorical__seller_id_4e17c65a516f69d023a2ae78b84f28d6,0.4785102140551618,1.6136685897804202
categorical__seller_id_4e7c18b98d84e05cbae3ff0ff03846c2,1.009488953634756,2.744198244068809
categorical__seller_id_4e922959ae960d389249c378d1c939f5,0.5731214795984515,1.7737952846041716
categorical__seller_id_4ebdc7e6cd6102a022dadc49156d4ea8,1.190421853573414,3.2884681668628923
categorical__seller_id_503c1de08ae81a2d86f17951b204db55,-1.2686554200102078,0.28120947632843063
categorical__seller_id_5058e8c1e82653974541e83690655b4a,1.193383313867293,3.2982212693515307
categorical__seller_id_50c9975695009e5e6473912e83a6d1da,0.6662973207152235,1.9470147862072338
categorical__seller_id_5160d23075764e18e07c1f4a87fad743,-0.459576949123684,0.6315507671053908
categorical__seller_id_516e7738bd8f735ac19a010ee5450d8d,-1.1666690923425354,0.31140246855222814
categorical__seller_id_520b493b57809f446cb0a233bb3e25c7,-0.11698414362659683,0.8895992988702405
categorical__seller_id_522620dcb18a6b31cd7bdf73665113a9,0.32493158087771506,1.3839359550581098
categorical__seller_id_527801b552d0077ffd170872eb49683b,-0.28619670810984504,0.7511148510314609
categorical__seller_id_530ec6109d11eaaf87999465c6afee01,0.18151433785699225,1.1990317281319165
categorical__seller_id_53243585a1d6dc2643021fd1853d8905,-0.4966731360922683,0.6085518649465068
categorical__seller_id_5343d0649eca2a983820bfe93fc4d17e,0.2876326198628071,1.3332673981783805
categorical__seller_id_537eb890efff034a88679788b647c564,-0.1888356151610286,0.827922593431331
categorical__seller_id_53e4c6e0f4312d4d2107a8c9cddf45cd,0.4288013206062613,1.5354159485814196
categorical__seller_id_54965bbe3e4f07ae045b90b0b8541f52,0.7556585962698896,2.1290132218944033
categorical__seller_id_54a1852d1b8f10312c55e906355666ee,-0.16238869337358383,0.8501107079144908
categorical__seller_id_55a5b51f93f2b70ea513f5a047b0262a,-0.21443780181167182,0.8069950037981828
categorical__seller_id_562fc2f2c2863ab7e79a9e4388a58a14,0.0004235326383690688,1.0004236223409806
categorical__seller_id_5656537e588803a555b8eb41f07a944b,1.0688620531833752,2.912063840035876
categorical__seller_id_56642bcb79900e777d68e91915cb4267,0.4589444482033817,1.5824027950226018
categorical__seller_id_575df70bde3f9f2b30bf8d2e9910d725,-0.5541177440258116,0.5745789633661336
categorical__seller_id_57c764b4a836300be881e2ff86e449f9,0.020270996196757825,1.0204778481744663
categorical__seller_id_57e632711dec9ec14ca7546769483e7e,-0.8044406455418688,0.44733807713915286
categorical__seller_id_582d4f8675b945722eda7c0cb61ba4c7,1.1211142625605657,3.068271158924654
categorical__seller_id_58f1a6197ed863543e0136bdedb3fce2,0.29438217011026613,1.3422967913683213
categorical__seller_id_594f9aaa48e5bf431f011ddc5669b0d5,-1.5641946738705048,0.20925646503389395
categorical__seller_id_59b22a78efb79a4797979612b885db36,0.5198126047364541,1.6817124752162045
categorical__seller_id_59fb871bf6f4522a87ba567b42dafecf,-0.40453729454220805,0.66728549607874
categorical__seller_id_5a8e7d5003a1f221f9e1d6e411de7c23,0.1080854235350853,1.1141429153479516
categorical__seller_id_5a93f3ab0ef4c84ed5e1b5dbf23978bc,-1.065804390121019,0.34445067058346074
categorical__seller_id_5b179e9e8cc7ab6fd113a46ca584da81,0.4789460060345331,1.6143719668611232
categorical__seller_id_5b8154610ebb21fb90eb587365e673df,-0.21757252145522246,0.804469261522752
categorical__seller_id_5b925e1d006e9476d738aa200751b73b,-0.6563290076077252,0.5187521786661301
categorical__seller_id_5c243662ce92d84573bfaff24c3e3700,-0.08375034024346911,0.9196608297351253
categorical__seller_id_5c6d4016c2a288f074fa0848a2b653d2,0.01977440486639659,1.0199712135278352
categorical__seller_id_5cbbd5a299cab112b7bf23862255e43e,0.5930711723424721,1.809537291140762
categorical__seller_id_5cf13accae3222c70a9cac40818ae839,-0.26393066483968647,0.7680267890712018
categorical__seller_id_5d0363b33554b373851fc1622e4d5f3c,0.014200297206496631,1.0143016003705818
categorical__seller_id_5d3bb11474a06bdc23fb9e89f1164ee0,0.2816040088385959,1.3252538272649979
categorical__seller_id_5dceca129747e92ff8ef7a997dc4f8ca,0.6093587355100922,1.8392515738098476
categorical__seller_id_5debea795b07621e1f90532e18f96145,-0.14514093170259967,0.864900392636209
categorical__seller_id_5f1dc28029d2c244352a68107ec2b542,-0.6780881682941488,0.5075864852526377
categorical__seller_id_5f2684dab12e59f83bef73ae57724e45,1.1685314988519,3.2172646110462084
categorical__seller_id_5f3ae9136c875522250f8184f253413a,-0.6403699074105816,0.5270974107385084
categorical__seller_id_5f5b43b2bffa8656e4bc6efeb13cc649,-0.13176865298786716,0.876543757403519
categorical__seller_id_602044f2c16190c2c6e45eb35c2e21cb,1.1932148098766215,3.2976655527270773
categorical__seller_id_6039e27294dc75811c0d8a39069f52c0,0.23104533108118375,1.2599163515251612
categorical__seller_id_609e1a9a6c2539919b8205cf7c4e6ff0,0.7082084421483652,2.030350507918745
categorical__seller_id_612170e34b97004b3ba37eae81836b4c,-0.6356296796493246,0.5296019037618451
categorical__seller_id_620c87c171fb2a6dd6e8bb4dec959fc6,-0.20708866923836233,0.8129475633504138
categorical__seller_id_624f4ece8da4aafb77699233d480f8ef,-0.29436555849500173,0.7450040990814207
categorical__seller_id_6338ea67c41078a46ad99cc009654956,0.06338043001669769,1.0654320844883802
categorical__seller_id_634964b17796e64304cadf1ad3050fb7,0.10039235313267779,1.1056046204241727
categorical__seller_id_63b464dbf392c7b80d12d932fa7cafed,0.16695411334740856,1.1817000398050639
categorical__seller_id_640e21a7d01df7614a3b4923e990d40c,-0.8982605576564235,0.4072774796498578
categorical__seller_id_643214e62b870443ccbe55ab29a4dccf,-0.9063110540925768,0.4040118563330503
categorical__seller_id_6481e96574816ead57975da2c0f6d80d,0.17005554709302614,1.185370693387857
categorical__seller_id_6560211a19b47992c3666cc44a7e94c0,0.7178375133943193,2.0499953265055324
categorical__seller_id_65febd49fd28ec955651299159b1f527,0.4555849659389114,1.5770956605010378
categorical__seller_id_66922902710d126a0e7d26b0e3805106,-0.8338136985806124,0.43438949276508965
categorical__seller_id_669ae81880e08f269a64487cfb287169,0.5379289046748584,1.712456526205879
categorical__seller_id_66dc1b1632bd6a3e508510c5b3492107,1.000100139687157,2.718554049980813
categorical__seller_id_66e0557ecc2b4dbea057e93f215f68d8,-0.9507352195439193,0.3864567883960107
categorical__seller_id_670c26e0f1bf8d0576271d5cfaec6d2b,-0.4378128487187359,0.6454465677065562
categorical__seller_id_6860153b69cc696d5dcfe1cdaaafcf62,0.6975819832753356,2.0088893020119585
categorical__seller_id_688756f717c462a206ad854c5027a64a,0.5076374091493071,1.6613614372377095
categorical__seller_id_6973a06f484aacf400ece213dbf3d946,0.29411765644609367,1.3419417824800504
categorical__seller_id_6a0cbc8af2e8abd1bdfb777943d174c6,0.1147874196166417,1.1216349746336693
categorical__seller_id_6a51fc556dab5f766ced6fbc860bc613,-0.020843292833027174,0.9793724272232781
categorical__seller_id_6a8b085f816a1f75f92dbac6eb545f8f,-0.04513230413664601,0.955871007778335
categorical__seller_id_6b243f80ed07b10f0e8aa0f21a205f3c,0.4466936282065671,1.5631353253451077
categorical__seller_id_6b3bd31ad8fcda4b2635ec9f3ff2ecdf,0.5713122324143511,1.7705889518791855
categorical__seller_id_6b90f847357d8981edd79a1eb1bf0acb,0.24103297227888035,1.272562993918418
categorical__seller_id_6c177e38df6d3f34182b1f1d427231bf,0.40971773910585035,1.5063925293968596
categorical__seller_id_6c7d50c24b3ccd2fd83b44d8bb34e073,-1.2216282272447718,0.2947498562563211
categorical__seller_id_6cd68b3ed6d59aaa9fece558ad360c0a,-0.6974261128633504,0.49786510464201544
categorical__seller_id_6d66611d7c44cc30ce351abc49a68421,0.839496964749542,2.315202055561558
categorical__seller_id_6d803cb79cc31c41c4c789a75933b3c7,-0.632660704631185,0.5311766150662031
categorical__seller_id_6df688df543f90e9b38f4319e75a9d88,-1.3345590325655268,0.26327424523113485
categorical__seller_id_6e386f64c84e482f0b9abf960797ee1b,-1.4429164776880583,0.2362377708164286
categorical__seller_id_6ec1a01e866584bb679eb9b098345919,-0.2373267844205977,0.7887335000795332
categorical__seller_id_6edacfd9f9074789dad6d62ba7950b9c,-0.447443944227413,0.6392600494619479
categorical__seller_id_6f892e20a171e98efe17fdb971ff319b,-0.1445666655565564,0.8653972182928233
categorical__seller_id_6fc26fe110feebd80a433e1f012a84f9,0.2357253867937702,1.2658266497181792
categorical__seller_id_6fd52c528dcb38be2eea044946b811f8,1.3393373964630289,3.8165138318097096
categorical__seller_id_7008613ea464bad5cb9b83456e1e6a8f,-0.024343320834230964,0.9759505880640089
categorical__seller_id_701938c450705b8ae65fc923b70f35c7,-0.21875104334793258,0.803521735335882
categorical__seller_id_7040e82f899a04d1b434b795a43b4617,1.453778637552995,4.27925375272998
categorical__seller_id_709e16e2b25c7474d980076c6bfc4806,-0.9560602609665488,0.3844043594741571
categorical__seller_id_70a12e78e608ac31179aea7f8422044b,0.68492310038378,1.9836192901097567
categorical__seller_id_70c27847eca8195c983ed7e798c56743,0.5723846639069861,1.7724888057811836
categorical__seller_id_70eea00b476a314817cefde4aad4f89a,-0.9610891958891018,0.3824760676573483
categorical__seller_id_71039d19d4303bf9054d69e9a9236699,0.2407541046604553,1.2722081667842067
categorical__seller_id_710e3548e02bc1d2831dfc4f1b5b14d4,1.1749728036885336,3.2380548794914055
categorical__seller_id_712e6ed8aa4aa1fa65dab41fed5737e4,0.5033457024465526,1.654246639454953
categorical__seller_id_7142540dd4c91e2237acb7e911c4eba2,0.0864618694887797,1.090309792855359
categorical__seller_id_715bbd5ba4e6b74cb0d2f29eb45058b0,-0.5325218347192352,0.5871224753184586
categorical__seller_id_7178f9f4dd81dcef02f62acdf8151e01,0.7323772284733332,2.0800194163916452
categorical__seller_id_718539d38d07dd351c76db862760e2e2,-0.32064974007608255,0.7256773821862296
categorical__seller_id_7202e2ba20579a9bd1acb29e61fe71f6,0.200407799773268,1.2219009475018627
categorical__seller_id_725c32fa80c2faacc4fc88450d27314e,-1.0510330674064805,0.3495764264956946
categorical__seller_id_7299e27ed73d2ad986de7f7c77d919fa,-0.24339986971069644,0.7839579700407355
categorical__seller_id_729b2d09b2a0bdab221076327f13d050,-0.27427791999142037,0.7601207931381717
categorical__seller_id_729f06993dac8e860d4f02d7088ca48a,-0.639398730402211,0.5276095642806071
categorical__seller_id_72c5da29406b4234927b81855e7b64f6,0.1050398691012298,1.1107548942722407
categorical__seller_id_744dac408745240a2c2528fb1b6028f3,-1.5123088593181457,0.22040051626230975
categorical__seller_id_750303a20e9c56b2a6bc45cdce0b897d,0.08826684569671074,1.0922795532412732
categorical__seller_id_751bdc4d83a466c7206cd42e8f426b03,1.1434564145253159,3.1375944717587787
categorical__seller_id_75d34ebb1bd0bd7dde40dd507b8169c3,0.6032763417450768,1.8280984746599085
categorical__seller_id_75fbb52eda0cbc24f479d3b2fbfa8d3e,-0.6124833304125648,0.5420032233540047
categorical__seller_id_7681ef142fd2c19048da7430856b5588,-0.31019055567638537,0.7333072070588744
categorical__seller_id_76d5af76d0271110f9af36c92573f765,-0.052717644939889154,0.9486478301857931
categorical__seller_id_76d64c4aca3a7baf218bf93ef7fa768d,0.13967541262905842,1.1499004950971137
categorical__seller_id_7722b1df1b0e383e000397b2c11e3e19,0.3632412758245023,1.4379827678671315
categorical__seller_id_77530e9772f57a62c906e1c21538ab82,-0.3993025684909943,0.6707877114201937
categorical__seller_id_78c99c6dff4eeae5be99bf635ed21e3f,-0.6945167111087273,0.4993157034151041
categorical__seller_id_79ebd9a61bac3eaf882805ed4ecfa12a,0.1100742301180752,1.11636093498733
categorical__seller_id_79ed755314cfe6df0daef2c6cd3022cd,-1.478232119366317,0.22804048058396056
categorical__seller_id_7a241947449cc45dbfda4f9d0798d9d0,-0.11600490424493187,0.8904708561995804
categorical__seller_id_7a67c85e85bb2ce8582c35f2203ad736,-0.057141856422148675,0.9444600821351594
categorical__seller_id_7aa4334be125fcdd2ba64b3180029f14,0.06319876786752028,1.0652385533852797
categorical__seller_id_7ad32824caee82087b3e2e5f33b1bf32,0.10055916239395309,1.10578906089693
categorical__seller_id_7ade73f1b9b4e965f9009a4c3a7e2c15,-1.3588201883752162,0.2569637670222886
categorical__seller_id_7b07b3c7487f0ea825fc6df75abd658b,0.18310306948050797,1.2009381817765938
categorical__seller_id_7b0df942f46435babab05d49b744b2c4,-0.9755315211009362,0.37699192113987623
categorical__seller_id_7c67e1448b00f6e969d365cea6b010ab,1.0894662031421163,2.9726868380767257
categorical__seller_id_7d13fca15225358621be4086e1eb0964,0.02556473803451955,1.0258943185025273
categorical__seller_id_7d456afc660226829370f3173d14520c,-0.7806324286343821,0.45811619387158287
categorical__seller_id_7d76b645482be4a332374e8223836592,0.5188564454149337,1.6801052586569054
categorical__seller_id_7dc8c42cc750eeafea6c85712ffee9bf,-0.3155682244200066,0.7293743082036835
categorical__seller_id_7ddcbb64b5bc1ef36ca8c151f6ec77df,0.4187039559519231,1.5199903040934066
categorical__seller_id_7e1fb0a3ebfb01ffb3a7dae98bf3238d,-0.4782765678895237,0.619850742462017
categorical__seller_id_7e26c750b4cb9f6766f58265ff9ebe95,-0.36493069749534884,0.6942447621117004
categorical__seller_id_7e3f87d16fb353f408d467e74fbd8014,-0.46822586143792067,0.6261120931086546
categorical__seller_id_7e93a43ef30c4f03f38b393420bc753a,-0.8742997796672568,0.4171540171599918
categorical__seller_id_7ea5bfa6c340f58f8e71fc1f0412b0d6,-0.2578550595773845,0.7727072205020069
categorical__seller_id_7f7b8245c336066a1f9933c359f11d77,-0.24030574135917185,0.7863873931575144
categorical__seller_id_80e6699fe29150b372a0c8a1ebf7dcc8,-0.3090180453192633,0.7341675216194076
categorical__seller_id_813348c996469b40f2e028d5429d3495,0.6557160411871503,1.9265214923524594
categorical__seller_id_8160255418d5aaa7dbdc9f4c64ebda44,-0.26120485380132236,0.7701231408019565
categorical__seller_id_817245bcc3badd82bbd222e0366951a6,-0.5201843175999573,0.5944109774678634
categorical__seller_id_81a1104df0f08b59c68aa5b03cfe398e,-0.979700600998203,0.3754234834428367
categorical__seller_id_81f89e42267213cb94da7ddc301651da,0.8620612261097897,2.3680367258052475
categorical__seller_id_822166ed1e47908f7cfb49946d03c726,0.8701353432254548,2.3872339276005166
categorical__seller_id_827f8f69dfa529c561901c4f2e0f332f,0.072715198107579,1.0754242104453047
categorical__seller_id_82e0a475a88cc9595229d8029273f045,0.5022587052607397,1.6524494549574278
categorical__seller_id_834f3294fba9f932f56edc879193f925,-1.1315068884716903,0.3225468479059117
categorical__seller_id_834f8533b2ecb6598dd004ff3de7203a,0.19447547858819336,1.214673697005914
categorical__seller_id_835f0f7810c76831d6c7d24c7a646d4d,0.4162321154623261,1.516237770259152
categorical__seller_id_83deb69e889cf80f82be1dc6d5f2d486,0.20583625159831598,1.2285520140948056
categorical__seller_id_83e197e95a1bbabc8c75e883ed016c47,-1.394714193107391,0.24790387888039578
categorical__seller_id_8444e55c1f13cd5c179851e5ca5ebd00,1.4262746337792425,4.163160967864877
categorical__seller_id_850913d59ce317156b00f3705f1c3edb,0.992238654360723,2.6972659648310495
categorical__seller_id_850f4f8af5ea87287ac68de36e29107f,-0.40456074950793236,0.6672698451038483
categorical__seller_id_855668e0971d4dfd7bef1b6a4133b41b,0.6968893699365496,2.0074984002194105
categorical__seller_id_8581055ce74af1daba164fdbd55a40de,-0.6315656557853786,0.5317585979971629
categorical__seller_id_85d9eb9ddc5d00ca9336a2219c97bb13,0.34055211653772793,1.4057234995393635
categorical__seller_id_8648b1e89e9b349e32d3741b30ec737e,0.4391395219502067,1.551371722696871
categorical__seller_id_86ccac0b835037332a596a33b6949ee1,0.2892739407298175,1.3354575146305632
categorical__seller_id_870d0118f7a9d85960f29ad89d5d989a,0.008693602650834218,1.0087315017613503
categorical__seller_id_87142160b41353c4e5fca2360caf6f92,-0.7862080473995519,0.4555690202576777
categorical__seller_id_88460e8ebdecbfecb5f9601833981930,0.9870597479108696,2.6833331861484986
categorical__seller_id_891071be6ba827b591264c90c2ae8a63,0.8488061249295105,2.3368552726057845
categorical__seller_id_8931a84a914b3fe9b1ddaa4d704947ca,0.4248507991272128,1.5293622204619413
categorical__seller_id_897060da8b9a21f655304d50fd935913,1.0521348455454576,2.8637582784255984
categorical__seller_id_8a130737016f838139d31878787a39c9,-1.0261023111955405,0.35840117795013404
categorical__seller_id_8a32e327fe2c1b3511609d81aaf9f042,0.6658999949358829,1.94624134070501
categorical__seller_id_8a432f4e5b471f8da497d7dc517666e2,0.21567591170718062,1.2407002174208972
categorical__seller_id_8ae520247981aa06bc94abddf5f46d34,0.1841510683451711,1.2021974233542458
categorical__seller_id_8b2492b7ff4468839593fafeed55bad9,-0.18467011928553975,0.8313784943529651
categorical__seller_id_8b28d096634035667e8263d57ba3368c,0.22707145739243112,1.2549195380143436
categorical__seller_id_8b321bb669392f5163d04c59e235e066,0.485449068566034,1.6249045385786152
categorical__seller_id_8b9d6eec4a7eb7d0f9d579ce0b38324d,0.3741517792745883,1.453757784014513
categorical__seller_id_8bb48dc19fccaa8613b6229bf7f452a2,-0.29709002990188665,0.7429771191936473
categorical__seller_id_8bd0f31cf0a614c658f6763bd02dea69,-0.07653482890068876,0.9263206509970183
categorical__seller_id_8c16d1f32a54d92897cc437244442e1b,0.32473280835059104,1.3836608939491466
categorical__seller_id_8cbac7e12637ed9cffa18c7875207478,0.5121248623706252,1.668833471634588
categorical__seller_id_8d79c8a04e42d722a75097ce5cbcf2ef,-0.46015302289998816,0.6311870520434698
categorical__seller_id_8d956fec2e4337affcb520f56fd8cbfd,-0.2986585074006236,0.7418126897295422
categorical__seller_id_8e6cc767478edae941d9bd9eb778d77a,0.2325030379643882,1.2617542795177317
categorical__seller_id_8e6d7754bc7e0f22c96d255ebda59eba,0.7190034557442285,2.052386896819448
categorical__seller_id_8e8a7ce9f2f970dc00e2acf6f6e199f6,0.09661717772963006,1.1014386376612597
categorical__seller_id_8f119a0aee85c0c8fc534629734e94fd,-0.7851802131819469,0.456037510409039
categorical__seller_id_8f2ce03f928b567e3d56181ae20ae952,-0.47284581226041444,0.6232261576022845
categorical__seller_id_8fdca8e349553f99bc738833a62c8802,-0.08516965293095513,0.9183564693179069
categorical__seller_id_900ba814c251a692506d7834c1218441,-0.5708559035149142,0.5650416105734142
categorical__seller_id_903037660cf848a717166eb7a06d616e,0.18410911176113307,1.2021469843151549
categorical__seller_id_91f848e9f4be368f4318775aac733370,-0.7612735437412015,0.46707121245515504
categorical__seller_id_92eb0f42c21942b6552362b9b114707d,0.8035037495394357,2.233352343124633
categorical__seller_id_93dc87703c046b603023e75222018b45,-0.2536881803606349,0.7759337156992024
categorical__seller_id_94144541854e298c2d976cb893b81343,0.7249600519622199,2.0646486196579734
categorical__seller_id_94e93ce877be27a515118dbfd2c2be41,0.41637339936657913,1.5164520053847415
categorical__seller_id_951e8cef368f09bb3f3d03c00ca4702c,-0.08522047772805823,0.9183097952227962
categorical__seller_id_955fee9216a65b617aa5c0531780ce60,-0.06213974505413815,0.9397515519830995
categorical__seller_id_95e03ca3d4146e4011985981aeb959b9,0.6194289019904576,1.8578667148314802
categorical__seller_id_95f83f51203c626648c875dd41874c7f,1.1550667631666736,3.1742353324560275
categorical__seller_id_960945e1a9535cbc0cd6ddd35fbe7ae8,-1.3234367475439264,0.2662188011659433
categorical__seller_id_9616352088dcf83a7c06637f4ebf1c80,0.16333496241461198,1.1774310187791572
categorical__seller_id_9646c3513289980f17226a2fc4720dbd,-1.2329929153123302,0.2914190785559247
categorical__seller_id_96493fab2fbb13a14d0c0e8772eef5c3,0.32973613947241054,1.3906011552965396
categorical__seller_id_966cb4760537b1404caedd472cc610a5,-0.014032474017619975,0.9860655222337793
categorical__seller_id_9674754b5a0cb32b638cec001178f799,1.0594575272120086,2.8848056361693497
categorical__seller_id_96804ea39d96eb908e7c3afdb671bb9e,0.5367243785945051,1.7103950694470518
categorical__seller_id_972d0f9cf61b499a4812cf0bfa3ad3c4,1.5812051324940994,4.860810203193413
categorical__seller_id_974cf2cb8f4b7add98709c30df02fe10,0.01509530426136116,1.015209813826773
categorical__seller_id_98dac6635aee4995d501a3972e047414,1.1725547126448927,3.230234427082076
categorical__seller_id_99002261c568a84cce14d43fcffb43ea,0.5745181333575,1.7762743932814355
categorical__seller_id_994f04b3718c2bab35c2adfa8afecd2a,-1.056631392580773,0.34762485185867664
categorical__seller_id_99a54764c341d5dc80b4a8fac4eba3fb,0.972344124660351,2.6441353833278534
categorical__seller_id_99eaacc9e6046db1c82b163c5f84869f,0.11137125603108511,1.1178098234681138
categorical__seller_id_9add47bf45ce8e8c7db6b9cf670b1e09,-0.4001840618118958,0.6701966770675221
categorical__seller_id_9b00ed88b7fdb95d6ff76e27c1b52d16,-0.0830131386677733,0.9203390551116039
categorical__seller_id_9b013e03b2ab786505a1d3b5c0756754,0.4535338214975952,1.5738641248097869
categorical__seller_id_9baf5cb77970f539089d09a38bcec5c3,-0.17077196618930998,0.8430137872015322
categorical__seller_id_9c0e69c7bf2619675bbadf47b43f655a,-0.6960593458906829,0.4985460354547554
categorical__seller_id_9d4db00d65d7760644ac0c14edb5fd86,-0.6886314041629787,0.5022629939401697
categorical__seller_id_9d5a9018aee56acb367ba9c3f05d1d6a,0.38163903699702534,1.4646832932216152
categorical__seller_id_9de4643a8dbde634fe55621059d92273,-1.1580224267556496,0.3141067361609111
categorical__seller_id_9e6229250fedbe05838fef417b74e7fb,0.17635426770297588,1.1928605757803161
categorical__seller_id_9f505651f4a6abe901a56cdc21508025,-0.1254528813475004,0.8820973266852533
categorical__seller_id_a1043bafd471dff536d0c462352beb48,-0.5204534448640479,0.5942510267922614
categorical__seller_id_a17f621c590ea0fab3d5d883e1630ec6,0.7496303266281987,2.1162175627135262
categorical__seller_id_a2e874074c877c5a05abae80ad6e488f,-0.19568769847362874,0.8222689904442944
categorical__seller_id_a3a38f4affed601eb87a97788c949667,-0.37852471601730064,0.6848710435613254
categorical__seller_id_a3dd39f583bc80bd8c5901c95878921e,-1.2857912009699834,0.2764317839905156
categorical__seller_id_a3e9a2c700480d9bb01fba070ba80a0e,0.05879226817105825,1.0605549068452778
categorical__seller_id_a3f0b55de503387383c7b1de3ad7f678,-0.9604847229496638,0.38270733398030504
categorical__seller_id_a416b6a846a11724393025641d4edd5e,0.3239409860412994,1.3825657140359888
categorical__seller_id_a420f60ff1aa9acc80d0e42959f2b313,0.2627770229556327,1.3005366967900422
categorical__seller_id_a49928bcdf77c55c6d6e05e09a9b4ca5,1.5102569349643251,4.527894019159566
categorical__seller_id_a5cba26a62b8b4d0145b68b841e62e7f,-0.9138986255283599,0.4009579878859544
categorical__seller_id_a673821011d0cec28146ea42f5ab767f,0.23637140892092068,1.2666446659428752
categorical__seller_id_a6fe7de3d16f6149ffe280349a8535a0,0.1177175329354612,1.1249263118523758
categorical__seller_id_a7f13822ceb966b076af67121f87b063,1.499724018905933,4.480452379544654
categorical__seller_id_a888faf2d1baececa6baf9c3d603ee1f,-0.13278211889088554,0.8756558601956573
categorical__seller_id_aac29b1b99776be73c3049939652091d,-0.35104299638044495,0.7039534857530272
categorical__seller_id_aae3bfea055532c57fb453ed3ec80b30,1.2672392699982475,3.551035567126561
categorical__seller_id_aaed1309374718fdd995ee4c58c9dfcd,0.6119847593830877,1.8440878396466476
categorical__seller_id_aafe36600ce604f205b86b5084d3d767,0.11167293477274769,1.1181470938001623
categorical__seller_id_aba1721a889e04decc910aa13b768ef4,0.19158069668472408,1.211162566000319
categorical__seller_id_abcd2cb37d46c2c8fb1bf071c859fc5b,-1.2623632112037646,0.2829844835736288
categorical__seller_id_abe42c5d03695b4257b5c6cbf4e6784e,-0.6809453061628514,0.5061383104866123
categorical__seller_id_ac3508719a1d8f5b7614b798f70af136,-0.642013191100532,0.5262319514527468
categorical__seller_id_acce39e832338debb07b02385cde5967,0.3986213361081358,1.4897693899124633
categorical__seller_id_aced59e9b31ef866a94f9e7f29d8d418,-0.2718672857541234,0.7619553767131594
categorical__seller_id_ad420dd0c4f92f8af951ac24b86d0cf5,0.11213831433113507,1.118667577702778
categorical__seller_id_ad781527c93d00d89a11eecd9dcad7c1,0.9259523135306228,2.5242710135305253
categorical__seller_id_adbc26658d6c7b4b6219f9d934598091,-0.32637007709076077,0.7215381132899139
categorical__seller_id_afe0067131b73e40875c9b6c10bd2e21,0.4399940281705429,1.552697946036317
categorical__seller_id_b14db04aa7881970e83ffa9426897925,0.16684693505514303,1.1815733939997892
categorical__seller_id_b17b679f4f5ce2e03ce6968c62648246,-0.09388627993193022,0.9103862855446787
categorical__seller_id_b18dc380845b24038cfc48006478f099,-0.10760936179787556,0.8979783125579807
categorical__seller_id_b1a81260566c1bac3114a6d124413f27,0.9371579124669552,2.5527160563432463
categorical__seller_id_b1ac6ea7895bc3dd6f0f6f4abbdd2821,-0.649101672355701,0.5225149556204878
categorical__seller_id_b1fc4f64df5a0e8b6913ab38803c57a9,0.616720908979357,1.852842430685687
categorical__seller_id_b2479f944e1b90cf8a5de1bbfde284d6,1.1980133084989144,3.3135274224829767
categorical__seller_id_b2a6d334e2833acea353624840e25a0e,-0.046821116588641125,0.9542580832647494
categorical__seller_id_b2ac621f0d0322434d04a12b078b9369,-1.0928817234418426,0.33524900544161956
categorical__seller_id_b2ba3715d723d245138f291a6fe42594,0.15429912701933726,1.1668398679127268
categorical__seller_id_b32be1695eb7ec5f10f72d9610a12527,-0.4265074378461427,0.652785010243026
categorical__seller_id_b335c59ab742f751a85db9c411a86739,-0.46186655333826987,0.6301064199299651
categorical__seller_id_b33e7c55446eabf8fe1a42d037ac7d6d,-0.14585079109774335,0.8642866528268897
categorical__seller_id_b372ee768ed69e46ca8cdbd267aa7a38,-0.022994816323209044,0.9772675495992627
categorical__seller_id_b39d7fe263ef469605dbb32608aee0af,0.23118636336026416,1.26009405293019
categorical__seller_id_b410bdd36d5db7a65dcd42b7ead933b8,-1.934699251127982,0.14446771079171672
categorical__seller_id_b499c00f28f4b7069ff6550af8c1348a,-0.39923738249070617,0.6708314388133351
categorical__seller_id_b4a476fbd28de64b1e347abf9089366a,-0.010413150395080669,0.9896408787549809
categorical__seller_id_b4ffb71f0cb1b1c3d63fad021ecf93e1,0.33798988156172205,1.402126316004957
categorical__seller_id_b561927807645834b59ef0d16ba55a24,-0.2701908885987725,0.7632337878021481
categorical__seller_id_b56906f7fd1696e043f1bcce164c487b,0.6348964697067329,1.8868267876157259
categorical__seller_id_b6d44737c043328708f6749c2dbe50bd,0.1570057547594624,1.1700023469636172
categorical__seller_id_b74d1c09cb380e1d03a6f859c6f4224b,0.14407200938353157,1.1549672740119308
categorical__seller_id_b76dba6c951ab00dc4edf0a1aa88037e,0.6065732331714554,1.8341354630269355
categorical__seller_id_b839e41795b7f3ad94cc2014a52f6796,0.16277696724106291,1.1767742012210474
categorical__seller_id_b83cedfb587e7911540e3f576d6917ce,0.39164468786373413,1.479411964980083
categorical__seller_id_b8555308bfdb4ca1ed54325a58da9a97,0.35794915182420384,1.430392885761787
categorical__seller_id_b8bc237ba3788b23da09c0f1f3a3288c,-0.27762102911424125,0.7575838693495178
categorical__seller_id_b90e891671cffd9557f33a97dc523645,0.19547525732659735,1.2158887092127586
categorical__seller_id_b92e3c8f9738272ff7c59e111e108d7c,0.32921769304062287,1.389880389944793
categorical__seller_id_b94cc9f10ddc85e4ba73a6f7974e7101,-0.3619517873472586,0.6963159382710349
categorical__seller_id_ba143b05f0110f0dc71ad71b4466ce92,-0.5629585213590393,0.5695216270227104
categorical__seller_id_ba90964cff9b9e0e6f32b23b82465f7b,-1.4214910205816431,0.2413538848718209
categorical__seller_id_bacb1f0ed56ad24198f5810d2b3fe9a5,0.01308826246172458,1.0131742886703528
categorical__seller_id_bbad7e518d7af88a0897397ffdca1979,1.6069762884351213,4.9877070165641655
categorical__seller_id_bccf933e006e9b94a6184af782963e77,-0.4782667722750434,0.6198568143106642
categorical__seller_id_bd0389da23d89b726abf911cccc54596,-0.24564475977687028,0.782200044494551
categorical__seller_id_bd23da7354813347129d751591d1a6e2,0.19820106940743934,1.2192075145101693
categorical__seller_id_bd4889b5e9133b35b66e42a8665cea5c,-0.21338891258995343,0.8078418962301755
categorical__seller_id_beadbee30901a7f61d031b6b686095ad,-0.19215892265546383,0.8251757189541615
categorical__seller_id_bf00385a5f7fc1ef39a13c2e9ee50a5f,-0.017537239412608673,0.9826156429543681
categorical__seller_id_bf3c6d2a28b2b5501e6c15448982dcc9,-0.768509465360442,0.4637037199203196
categorical__seller_id_bf84056e679dbe9c69929847a40e338f,0.8709704224514581,2.389228289670334
categorical__seller_id_bfd27a966d91cfaafdb25d076585f0da,-0.0183117439532433,0.9818548973157053
categorical__seller_id_c003204e1ab016dfa150abc119207b24,-1.134303032123393,0.32164622031361556
categorical__seller_id_c013e57c075a06e5b5c48ee03c525719,-0.05419880858468217,0.947243767587939
categorical__seller_id_c0563dd588b775f2e37747ef6ad6c92c,0.37637475413114413,1.456993045636234
categorical__seller_id_c31eff8334d6b3047ed34bebd4d62c36,0.45231171420538524,1.5719418688266846
categorical__seller_id_c33847515fa6305ce6feb1e818569f13,0.6468323357780509,1.9094826390855932
categorical__seller_id_c3867b4666c7d76867627c2f7fb22e21,0.017005355336577512,1.0171507694953756
categorical__seller_id_c3cfdc648177fdbbbb35635a37472c53,-0.4085862955085434,0.6645891189608649
categorical__seller_id_c60b801f2d52c7f7f91de00870882a75,0.39929558955635913,1.4907742107745674
categorical__seller_id_c66dccfb3f109511246da627dd5a2498,-0.5283537773078961,0.589574742548166
categorical__seller_id_c68fb906c8f4b4b946d8386bfa6e5467,-0.6120790890204761,0.54222236778217
categorical__seller_id_c6bda72e4dbf5c5866b13cb1810c6d03,-0.5304786939614743,0.5883232754617158
categorical__seller_id_c70c1b0d8ca86052f45a432a38b73958,-0.17472555037783555,0.8396874410493138
categorical__seller_id_c826c40d7b19f62a09e2d7c5e7295ee2,-0.06882556224685456,0.9334895016879305
categorical__seller_id_c8467937e403e76a8ee9f0ab13f6f5ef,0.5433901536032681,1.7218342613397895
categorical__seller_id_c847e075301870dd144a116762eaff9a,0.4121366462117271,1.510040763581402
categorical__seller_id_c864036feaab8c1659f65ea4faebe1da,-1.2757444335002868,0.2792230278561358
categorical__seller_id_c8b0e2b0a7095e5d8219575d5e7e1181,0.047250552121868024,1.0483846511744002
categorical__seller_id_c8b3445d737de6befde0c88ede534a5e,-0.9896206344148836,0.37171768117256543
categorical__seller_id_c9aafcd0621b2207c10e32c649cada4d,0.13072823407376852,1.1396580190053547
categorical__seller_id_c9c7905cffc4ef9ff9f113554423e671,-0.07514957748265873,0.9276047271711962
categorical__seller_id_ca3bd7cd9f149df75950150d010fe4a2,0.5433960277863621,1.721844375739205
categorical__seller_id_cab85505710c7cb9b720bceb52b01cee,-0.2325815848965307,0.7924850918950539
categorical__seller_id_cac4c8e7b1ca6252d8f20b2fc1a2e4af,0.4627648520220625,1.588459775391818
categorical__seller_id_cb3dd9ce66268c7a3ca7241ac70ab58c,0.44844891218245847,1.565881481170413
categorical__seller_id_cb8bcce248bb1fb274ba762d8b971456,-0.7029172469394785,0.49513875283279773
categorical__seller_id_cbd996ad3c1b7dc71fd0e5f5df9087e2,0.3956816938546581,1.4853964314817019
categorical__seller_id_cc419e0650a3c5ba77189a1882b7556a,0.5816544344334255,1.7889957599083675
categorical__seller_id_cc5a78bbad32776dc4e3af205218368c,0.18038309126083016,1.1976760944933158
categorical__seller_id_cc63f0dd2acba93ffed4fe9f8e0321fa,0.41078349937447384,1.5079988385218213
categorical__seller_id_cca3071e3e9bb7d12640c9fbe2301306,0.5985252683417259,1.8194336445392545
categorical__seller_id_ccc4bbb5f32a6ab2b7066a4130f114e3,-0.6824620195395436,0.5053712256116377
categorical__seller_id_cce6ab8d1682639fe45ab70234f1665f,-1.0140435408726998,0.3627492187625408
categorical__seller_id_ccf8813e5a7d6c84d865cd38bfc2b130,-0.5663218162075556,0.5676093754040115
categorical__seller_id_cd06602b43d8800bd0afad514919d35c,1.547427239938112,4.699364279741386
categorical__seller_id_cd68562d3f44870c08922d380acae552,0.16108986222787808,1.174790533365286
categorical__seller_id_cd6efc47efaabf134f8bdb654e10b4f1,-0.7973688943146864,0.450512752762885
categorical__seller_id_ce248b21cb2adc36282ede306b7660e5,0.06833101610405903,1.0707196752804302
categorical__seller_id_ce27a3cc3c8cc1ea79d11e561e9bebb6,0.7176027972637564,2.04951421599923
categorical__seller_id_ce7d1888639e6fb06b2749cbfdac1ff7,0.2617683259285713,1.2992255106963375
categorical__seller_id_ceaec5548eefc6e23e6607c5435102e7,-0.06878679984405335,0.9335256866853098
categorical__seller_id_cee48807215b30a12ca2ca10ffb5f250,0.4526770581969141,1.572516273264709
categorical__seller_id_cfb1a033743668a192316f3c6d1d2671,-0.16430000559626798,0.8484874327148515
categorical__seller_id_d05ae8f7a5bd1d2a690a44cd079e4e27,0.546248659116565,1.7267631753765857
categorical__seller_id_d12c926d74ceff0a90a21184466ce161,-0.1241160026641434,0.8832773724111807
categorical__seller_id_d13e50eaa47b4cbe9eb81465865d8cfc,-1.4829563136754158,0.22696571374591912
categorical__seller_id_d1b65fc7debc3361ea86b5f14c68d2e2,-0.7891322121610193,0.45423880721114057
categorical__seller_id_d1c281d3ae149232351cd8c8cc885f0d,0.5826035012601403,1.7906944423913225
categorical__seller_id_d1ef48b38baca7e831711c4a0aeb398f,-1.501399715494196,0.22281805988279207
categorical__seller_id_d20b021d3efdf267a402c402a48ea64b,-0.07779940642747078,0.9251499870728246
categorical__seller_id_d23019c84ffae2d5ef2270367b8605fc,-0.508092810553719,0.6016419304501123
categorical__seller_id_d2374cbcbb3ca4ab1086534108cc3ab7,0.890561021692312,2.43649619514237
categorical__seller_id_d379f449f2a3b271bc01c0782020f705,0.6888977935747435,1.9915192577690246
categorical__seller_id_d3f39f05462b79a4562d35893a28f159,1.2367743939812295,3.444484974883055
categorical__seller_id_d4e12e7884759a14fa0f5f896c791cae,-0.1938369111469979,0.8237922446458614
categorical__seller_id_d50d79cb34e38265a8649c383dcffd48,-0.647864727033957,0.5231616779480037
categorical__seller_id_d566c37fa119d5e66c4e9052e83ee4ea,-0.5293906296905203,0.5889637573770724
categorical__seller_id_d57e18d5f73c7ccb7f7339b61166898d,0.31012828158283046,1.3636000276827431
categorical__seller_id_d5ba419e26d246a0719437cf37d9b46d,0.5117121768864761,1.668144910374773
categorical__seller_id_d650b663c3b5f6fb392b6326366efa9a,-0.8262851338190053,0.43767216358813554
categorical__seller_id_d66c305afaec317ebee552073a674429,-0.5681307731415773,0.5665835226300466
categorical__seller_id_d673a59aac7a70d8b01e6902bf090a11,-0.1446394982918104,0.8653341913415744
categorical__seller_id_d6b1ce66b035a475f00c017792ff9769,-0.6942209189693674,0.4994634189206989
categorical__seller_id_d91fb3b7d041e83b64a00a3edfb37e4f,1.5101946515395193,4.527612015195073
categorical__seller_id_d921b68bf747894be13a97ae52b0f386,-0.9271964261441458,0.39566142289010353
categorical__seller_id_d93919c944be9cff128f6c9cb899eacb,-0.18023699948006172,0.8350722762616467
categorical__seller_id_d94a40fd42351c259927028d163af842,-0.01460652166261508,0.9854996360812764
categorical__seller_id_d98eec89afa3380e14463da2aabaea72,-0.07129433094656092,0.9311877744098394
categorical__seller_id_d9a84e1403de8da0c3aa531d6d108ba6,-0.7915509453380276,0.45314145237711145
categorical__seller_id_d9bd94811c3338dceb4181f3dbc0c73e,-1.3421954481379177,0.2612714305803453
categorical__seller_id_da8622b14eb17ae2831f4ac5b9dab84a,-0.18657659845524305,0.8297949985018923
categorical__seller_id_daeb5653dd96c1b11860f72209795012,0.3451799826654845,1.4122440762482413
categorical__seller_id_db2956745b3a8e9f3785c99f34b5d25e,0.8534234131411965,2.3476701554099955
categorical__seller_id_db4350fd57ae30082dec7acbaacc17f9,-0.00734935743458387,0.9926775830539395
categorical__seller_id_dbb9b48c841a0e39e21f98e1a6b2ec3e,0.16084000768599874,1.1744970432812099
categorical__seller_id_dbc22125167c298ef99da25668e1011f,0.20247974412332687,1.224435282860636
categorical__seller_id_dbd66278cbfe1aa1000f90a217ca4695,-1.7840540428205194,0.16795586493375336
categorical__seller_id_dc317f341ab0e22f39acbd9dbf9b4a1f,0.2442546337279232,1.276669372185974
categorical__seller_id_dc4a0fc896dc34b0d5bfec8438291c80,0.7021290091101471,2.0180445724189147
categorical__seller_id_dc8798cbf453b7e0f98745e396cc5616,1.5434435110513698,4.680680526723567
categorical__seller_id_dd2bdf855a9172734fbc3744021ae9b9,0.6115832636651303,1.8433475948879863
categorical__seller_id_dd533b429f380718b70ad9922c294bae,0.5387891012940188,1.7139302092579005
categorical__seller_id_dd55f1bb788714a40e7954c3be6df745,0.01081622267428086,1.010874929481799
categorical__seller_id_dd7ddc04e1b6c2c614352b383efe2d36,0.46850215511664006,1.5975994440307781
categorical__seller_id_de23c3b98a88888289c6f5cc1209054a,-0.41704179888704923,0.65899337417882
categorical__seller_id_de722cd6dad950a92b7d4f82673f8833,-0.31123584491882605,0.7325410894009615
categorical__seller_id_dee656f0f566ed1aa85bd137c943f08f,-0.5190626936910274,0.5950780570682017
categorical__seller_id_df560393f3a51e74553ab94004ba5c87,-0.8537494470468575,0.4258153629179798
categorical__seller_id_df56d7b40d437f88407c5f78b63bc328,0.26913304811234623,1.3088292667259847
categorical__seller_id_dfa0c4c6229ab200a4a1336b4d7128ff,0.7351319313311363,2.0857571510709785
categorical__seller_id_dfc5fb7259bb2b599ca565e6e9448f0f,-0.765148205846688,0.46526497087535185
categorical__seller_id_e067ad2c1c0b48758eb1b5228bcf7a68,-0.2256090251025031,0.7980300503967923
categorical__seller_id_e06f09ec0a4aca210779cf1cfc63cf19,0.13111361707431415,1.1400973084742247
categorical__seller_id_e0878efa0e0b7e5313ac0b43bc04c081,0.5861740512658999,1.7970996346676869
categorical__seller_id_e0a366315b1b726b6c7832d664c0f530,0.8295261891828113,2.292232398418366
categorical__seller_id_e24fc9fcd865784fb25705606fe3dfe7,0.12064812719901555,1.1282278498200207
categorical__seller_id_e26901d5ab434ce92fd9b5c256820a4e,0.3213944869126285,1.3790494905799746
categorical__seller_id_e2aee0892199b1d92530e371abd825bf,0.6845784659008083,1.9829357842878998
categorical__seller_id_e333046ce6517bd8bb510291d44f0130,0.3709901839849767,1.4491688482536418
categorical__seller_id_e38db885400cd35c71dfd162f2c1dbcf,-1.1636612359398728,0.31234053253470817
categorical__seller_id_e49c26c3edfa46d227d5121a6b6e4d37,0.09183284413477943,1.0961815735863416
categorical__seller_id_e59aa562b9f8076dd550fcddf0e73491,-0.8538886505246532,0.42575609206401294
categorical__seller_id_e5a3438891c0bfdb9394643f95273d8e,0.12644709389020672,1.1347894122946345
categorical__seller_id_e5a38146df062edaf55c38afa99e42dc,0.5406173089231499,1.7170664955599908
categorical__seller_id_e5e33c0d8e7e002f398f5dc4cbbb338f,-1.2794368586432006,0.2781939188508217
categorical__seller_id_e62b2d6ac10570a035a30bafcf01d263,0.026950353841108134,1.02731679916439
categorical__seller_id_e63e8bfa530fb16910dd6956e592bb81,0.4714165346091556,1.6022622463751466
categorical__seller_id_e7d5b006eb624f13074497221eb37807,1.0559450482392734,2.8746905918716137
categorical__seller_id_e882b2a25a10b9c057cc49695f222c19,-0.8501344834690319,0.42735745557086013
categorical__seller_id_e883aa812c37a7413226856f4579fe91,0.6788414397049524,1.9715922000816557
categorical__seller_id_e89c4adbe7b1d0819dbb636e16461cf1,0.054036570029459476,1.0555232019638687
categorical__seller_id_e8b3a3a38279a82f0e5d006d5e5b7d2c,0.7662483548727305,2.151678757436845
categorical__seller_id_e8b4225284fbb02d16f200513f1f395d,-1.9243010295460274,0.1459777553430324
categorical__seller_id_e8f6dc8e6a1dcde89d20e3995c8d90b3,-0.1500467421385661,0.8606677460337934
categorical__seller_id_e96498ed8daaa3e9c23f7a62da76591c,-0.07763255164877307,0.9253043656482232
categorical__seller_id_e9779976487b77c6d4ac45f75ec7afe9,0.2255664256992212,1.2530322648963736
categorical__seller_id_e9bc59e7b60fc3063eb2290deda4cced,0.15021234782537532,1.162080981899509
categorical__seller_id_e9d99831abad74458942f21e16f33f92,0.644367924805367,1.904782682808287
categorical__seller_id_ea566164622c6b439516ab18062c42cd,0.46458588939089485,1.5913550554081397
categorical__seller_id_ea67327e24487bdfac5fbfa37ea124df,0.7380879301111785,2.0919317682493186
categorical__seller_id_ea8482cd71df3c1969d7b9473ff13abc,0.5624293386560566,1.7549306468209567
categorical__seller_id_ebd2d60905fb58271facef5596b620d3,0.13463158462615377,1.1441151970684136
categorical__seller_id_ec8879960bd2221d5c32f8e12f7da711,-1.0981617074270238,0.33348356092268716
categorical__seller_id_ececbfcff9804a2d6b40f589df8eef2b,0.2722652167768861,1.3129351675727046
categorical__seller_id_ed4acab38528488b65a9a9c603ff024a,0.6644370493291866,1.9433961771532513
categorical__seller_id_edb1ef5e36e0c8cd84eb3c9b003e486d,-1.0205594973172423,0.3603932447007397
categorical__seller_id_ede0c03645598cdfc63ca8237acbe73d,0.5597038475833684,1.750154111169293
categorical__seller_id_eeb6de78f79159600292e314a77cbd18,-0.561714386367267,0.5702306297635663
categorical__seller_id_ef0ace09169ac090589d85746e3e036f,-0.371167561687993,0.6899283263177651
categorical__seller_id_ef506c96320abeedfb894c34db06f478,0.5970476668591709,1.816747231901093
categorical__seller_id_ef990a83bbea832f36ebe81376335aa8,-0.23221218156676404,0.7927778926042391
categorical__seller_id_efcd8d2104f1a05d028af7bad20d974b,-0.5583121520686374,0.5721739919825085
categorical__seller_id_f00e21b1e91a79653163b7fd8f293ff1,0.4524943112143225,1.5722289269173324
categorical__seller_id_f0b47fbbc6dee9aafe415a6e33051b3f,0.4919354915176289,1.6354786135589607
categorical__seller_id_f12ff17ad8bbf01ec5c33b17e506649b,-0.21097490566617852,0.8097943878770004
categorical__seller_id_f181738b150df1f37cb0bd72e705b193,-1.1893958473727126,0.30440511567429035
categorical__seller_id_f214d28e8d8e3ef068748498ccc2f813,0.3420468634565192,1.4078262715734686
categorical__seller_id_f262cbc1c910c83959f849465454ddd3,0.49204913879417744,1.6356644918113237
categorical__seller_id_f27e33c6d29b5138fa9967bcd445b6d5,0.6330956944188689,1.8834320940216316
categorical__seller_id_f3b80352b986ab4d1057a4b724be19d0,0.6968785021844767,2.0074765833430606
categorical__seller_id_f3da5b2ff499efb8d4a6d371d175d7dd,0.22465330927773958,1.2518886227773123
categorical__seller_id_f41ce2e25237f9092cd8e6e7516c7a2f,-0.38869359162622447,0.6779419652876586
categorical__seller_id_f45122a9ab94eb4f3f8953578bc0c560,0.7677916701414965,2.155002039893333
categorical__seller_id_f457c46070d02cadd8a68551231220dd,0.25934738035359967,1.2960839607404384
categorical__seller_id_f46490624488d3ff7ce78613913a7711,1.242033527683361,3.4626477001384317
categorical__seller_id_f4aba7c0bca51484c30ab7bdc34bcdd1,1.1204297080729444,3.066171478888264
categorical__seller_id_f5a590cf36251cf1162ea35bef76fe84,-0.15112867221766152,0.8597370672667138
categorical__seller_id_f61c63d13f7cd800549d5acdd390ae72,0.35517678491355087,1.4264328037926133
categorical__seller_id_f62d7bb4a613ec758a03342d46b580b2,-1.2829374848778787,0.27722176848046826
categorical__seller_id_f67efa3f0b6761102a7f8c6b7b571f5d,-0.08863559761513497,0.9151790062313837
categorical__seller_id_f680f85bee2d253556ac91be391d2c82,-0.2686905234186851,0.7643797766875654
categorical__seller_id_f7496d659ca9fdaf323c0aae84176632,-0.4975844398408692,0.60799754196743
categorical__seller_id_f76a3b1349b6df1ee875d1f3fa4340f0,0.3162701937790141,1.3720009116604428
categorical__seller_id_f7720c4fa8e3aba4546301ab80ea1f1b,-0.4138843908525423,0.6610773734398231
categorical__seller_id_f789d2c4f2c2eb38fc4373e7a4b35264,-0.0899899572390355,0.9139403637097482
categorical__seller_id_f7ba60f8c3f99e7ee4042fdef03b70c4,-0.8958100595055053,0.4082767361987734
categorical__seller_id_f7ccf836d21b2fb1de37564105216cc1,0.7728214604009864,2.165868553395526
categorical__seller_id_f80edd2c5aaa505cc4b0a3b219abf4b8,0.25709850696764874,1.2931725069876407
categorical__seller_id_f84a00e60c73a49e7e851c9bdca3a5bb,1.228106248937864,3.4147567101166882
categorical__seller_id_f84fa566034f5e8e880a07ec624c56af,-0.05818784636318383,0.9434727028739484
categorical__seller_id_f8db351d8c4c4c22c6835c19a46f01b0,-0.04330275643497597,0.9576214201268987
categorical__seller_id_f9244d45189d3a3605499abddeade7d5,-0.7151418426363859,0.4891227284183721
categorical__seller_id_fa1a9dec3a9940c072684a46728bf1fc,0.531412354648123,1.7013334988284043
categorical__seller_id_fa1c13f2614d7b5c4749cbc52fecda94,-0.951066780373123,0.3863286757025478
categorical__seller_id_fa40cc5b934574b62717c68f3d678b6d,-0.5971899323550327,0.5503560027869788
categorical__seller_id_fad44952713764836814be105382aee5,-0.5890182423900872,0.554871766995746
categorical__seller_id_fc906263ca5083d09dce42fe02247800,0.20988513003292944,1.2335363555375671
categorical__seller_id_fcb5ace8bcc92f75707dc0f01a27d269,0.2381110567266828,1.2688500993391416
categorical__seller_id_fd386aa7bed2af3c7035c65506c9b4a3,0.4034098896529225,1.4969203380901548
categorical__seller_id_fdb9095204a334cd8872252ffec6f2db,-0.46807704150634716,0.626205278001221
categorical__seller_id_fde0cc9ea29c8ccfc0a2c22256a58c71,-0.42393197439731156,0.6544684010020411
categorical__seller_id_fe2032dab1a61af8794248c8196565c9,-0.42270048930315846,0.6552748655550866
categorical__seller_id_febab0275244b9a49a623f0bd613ca2f,-0.3958242526496458,0.6731249854752
categorical__seller_id_ff063b022a9a0aab91bad2c9088760b7,-0.47587130565044145,0.6213434404921908
categorical__seller_id_ff1fb4c404b2efe68b03350a8dc24122,-0.0898541603403033,0.9140644824040424
categorical__seller_id_fffd5413c0700ac820c7069d66d98c89,0.13767819631541706,1.1476061869467167
categorical__seller_id_infrequent_sklearn,0.0694260615878328,1.0718928042227815
categorical__category_group_alimentos,-0.3125684998085549,0.7315655151325361
categorical__category_group_audio,0.33891096314896013,1.403418383696143
categorical__category_group_automotivo,0.16541659591972963,1.1798845514297283
categorical__category_group_bebes,0.05390092172240168,1.055380031739081
categorical__category_group_beleza_saude,-0.10182356883202077,0.9031888882829566
categorical__category_group_brinquedos,-0.003624413000790313,0.9963821472559233
categorical__category_group_cama_mesa_banho,0.31622739112807974,1.3719421876411202
categorical__category_group_casa_conforto,0.3865731217019712,1.4719280230136635
categorical__category_group_casa_construcao,0.39996966319004823,1.4917794411254093
categorical__category_group_consoles_games,0.005151518492753702,1.0051648103788082
categorical__category_group_construcao_ferramentas_construcao,-0.24135048533606548,0.7855662486825694
categorical__category_group_cool_stuff,-0.07801699625365012,0.9249487057471261
categorical__category_group_eletrodomesticos,-1.005261722896571,0.3659488450776493
categorical__category_group_eletronicos,0.20902367732990812,1.2324741798825456
categorical__category_group_eletroportateis,-0.14819174477140948,0.8622657641381372
categorical__category_group_esporte_lazer,-0.016242066546313088,0.9838891245845276
categorical__category_group_fashion_bolsas_e_acessorios,-0.009360172897050382,0.990683497161967
categorical__category_group_ferramentas_jardim,0.021882509498957217,1.0221236875912723
categorical__category_group_informatica_acessorios,0.17761378875428657,1.1943639553571566
categorical__category_group_instrumentos_musicais,-0.3025330761862791,0.7389440464037961
categorical__category_group_livros_interesse_geral,-0.6219291325295386,0.5369076718318371
categorical__category_group_malas_acessorios,-0.4283477329196759,0.6515847979157445
categorical__category_group_moveis_decoracao,0.3765589074612875,1.4572613804642016
categorical__category_group_moveis_escritorio,-0.215709983311453,0.8059690124459195
categorical__category_group_moveis_sala,0.0980152864681991,1.1029796456429157
categorical__category_group_other,0.10884968457277511,1.1149947368340947
categorical__category_group_papelaria,-0.19699596303293904,0.8211939484388869
categorical__category_group_perfumaria,-0.13676120468756794,0.872178473397936
categorical__category_group_pet_shop,-0.03895325670553093,0.9617956655936682
categorical__category_group_relogios_presentes,0.09667782096733676,1.1015054344917503
categorical__category_group_telefonia,0.19906043592660616,1.2202557109560128
categorical__category_group_unknown,0.3700798967734128,1.4478502886087201
categorical__category_group_utilidades_domesticas,0.06519305026665384,1.0673650596053494
