eligible_orders,assumed_relative_reduction,baseline_poor_experience_rate,assumed_treatment_rate,absolute_rate_reduction,expected_poor_orders_without_intervention,expected_poor_orders_with_intervention,expected_poor_orders_reduced
10000,0.1,0.1277261817802358,0.1149535636022122,0.012772618178023581,1277.2618178023579,1149.5356360221222,127.72618178023582
10000,0.15,0.1277261817802358,0.10856725451320041,0.019158927267035372,1277.2618178023579,1085.6725451320042,191.58927267035372
10000,0.2,0.1277261817802358,0.10218094542418864,0.02554523635604715,1277.2618178023579,1021.8094542418863,255.4523635604715
50000,0.1,0.1277261817802358,0.1149535636022122,0.012772618178023581,6386.309089011789,5747.67818011061,638.630908901179
50000,0.15,0.1277261817802358,0.10856725451320041,0.019158927267035372,6386.309089011789,5428.362725660021,957.9463633517686
50000,0.2,0.1277261817802358,0.10218094542418864,0.02554523635604715,6386.309089011789,5109.0472712094315,1277.2618178023574
100000,0.1,0.1277261817802358,0.1149535636022122,0.012772618178023581,12772.618178023578,11495.35636022122,1277.261817802358
100000,0.15,0.1277261817802358,0.10856725451320041,0.019158927267035372,12772.618178023578,10856.725451320042,1915.8927267035372
100000,0.2,0.1277261817802358,0.10218094542418864,0.02554523635604715,12772.618178023578,10218.094542418863,2554.523635604715
500000,0.1,0.1277261817802358,0.1149535636022122,0.012772618178023581,63863.09089011789,57476.7818011061,6386.309089011791
500000,0.15,0.1277261817802358,0.10856725451320041,0.019158927267035372,63863.09089011789,54283.62725660021,9579.463633517686
500000,0.2,0.1277261817802358,0.10218094542418864,0.02554523635604715,63863.09089011789,51090.47271209432,12772.618178023575
1000000,0.1,0.1277261817802358,0.1149535636022122,0.012772618178023581,127726.18178023578,114953.5636022122,12772.618178023582
1000000,0.15,0.1277261817802358,0.10856725451320041,0.019158927267035372,127726.18178023578,108567.25451320042,19158.92726703537
1000000,0.2,0.1277261817802358,0.10218094542418864,0.02554523635604715,127726.18178023578,102180.94542418864,25545.23635604715
